black,0
place,0
school,0
update,0
times,0
house,0
problem,0
money,0
currently,0
against,0
during,0
group,0
support,0
price,0
power,0
trump,0
phone,0
state,0
wrong,0
family,0
store,0
white,0
city,0
list,0
issues,0
issue,0
head,0
york,0
offer,0
area,0
fire,0
current,0
vote,0
deal,0
information,0
plan,0
bernie,0
community,0
fight,0
care,0
gold,0
attack,0
2014,0
event,0
news,0
control,0
2015,0
problems,0
market,0
info,0
recent,0
force,0
hate,0
sanders,0
events,0
important,0
weapon,0
student,0
total,0
wars,0
taken,0
local,0
health,0
moving,0
hillary,0
release,0
country,0
clinton,0
american,0
missing,0
official,0
media,0
primary,0
knew,0
campaign,0
details,0
contact,0
value,0
baby,0
opinion,0
bill,0
donald,0
town,0
police,0
sold,0
position,0
piece,0
states,0
trip,0
budget,0
interview,0
prices,0
court,0
members,0
gives,0
ended,0
safe,0
trouble,0
china,0
america,0
waiting,0
government,0
stuck,0
south,0
street,0
credit,0
child,0
cruz,0
lower,0
board,0
track,0
race,0
king,0
students,0
justice,0
finished,0
paid,0
east,0
hero,0
spent,0
term,0
canada,0
enemy,0
showing,0
stopped,0
national,0
million,0
stories,0
experienced,0
lead,0
jobs,0
voting,0
shop,0
bank,0
luck,0
attention,0
visit,0
president,0
actual,0
bonus,0
stock,0
attacks,0
allow,0
apartment,0
happening,0
cash,0
kings,0
charge,0
stats,0
article,0
west,0
lack,0
broke,0
japanese,0
press,0
paper,0
london,0
heroes,0
driving,0
german,0
chinese,0
election,0
diamond,0
tells,0
meeting,0
military,0
cologne,0
slaughter,0
europe,0
island,0
picked,0
legal,0
russian,0
knight,0
terms,0
floor,0
california,0
voters,0
leader,0
member,0
rule,0
insurance,0
companies,0
resources,0
civil,0
modern,0
suddenly,0
australia,0
japan,0
army,0
mission,0
medical,0
guns,0
opening,0
industry,0
houston,0
texas,0
directly,0
guardian,0
international,0
ultimate,0
engine,0
voter,0
maps,0
confirmed,0
rise,0
taxes,0
french,0
manager,0
political,0
russia,0
expensive,0
balance,0
according,0
mainly,0
brown,0
combat,0
flash,0
greek,0
county,0
holding,0
named,0
movement,0
crown,0
shipped,0
auto,0
minor,0
impact,0
opportunity,0
began,0
financial,0
british,0
income,0
poll,0
buyout,0
asian,0
rent,0
india,0
queen,0
obama,0
transfer,0
yellow,0
costs,0
brooklyn,0
camp,0
winter,0
storm,0
trials,0
production,0
march,0
rally,0
policy,0
washington,0
shooting,0
boston,0
teacher,0
lights,0
para,0
dying,0
germany,0
hospital,0
claim,0
waste,0
benefits,0
florida,0
peace,0
clujnapoca,0
chicago,0
rape,0
dollars,0
shoes,0
polls,0
judge,0
european,0
truck,0
criminal,0
offered,0
workers,0
western,0
debt,0
significant,0
supporters,0
summary,0
vendor,0
americans,0
countries,0
shots,0
reward,0
speech,0
tight,0
spanish,0
canadian,0
registration,0
arrested,0
minister,0
extreme,0
marketing,0
saudi,0
hook,0
desert,0
benefit,0
ballot,0
facevalue,0
cashortrade,0
burn,0
officer,0
toronto,0
manage,0
greatest,0
staying,0
federal,0
rain,0
rewards,0
candidate,0
crisis,0
politics,0
reports,0
usps,0
illegal,0
forces,0
economy,0
coachella,0
warm,0
rates,0
delegates,0
nuclear,0
property,0
larger,0
rolling,0
cities,0
senior,0
playing,1
killed,1
level,1
players,1
player,1
season,1
damage,1
karambit,1
items,1
character,1
running,1
boss,1
turn,1
steam,1
gaming,1
kill,1
stream,1
league,1
played,1
minutes,1
course,1
pick,1
cards,1
challenge,1
advance,1
fall,1
xbox,1
save,1
base,1
deck,1
wear,1
weapons,1
ability,1
pass,1
beta,1
fans,1
training,1
beat,1
score,1
armor,1
killing,1
upgrade,1
field,1
wins,1
ball,1
bike,1
user,1
csgo,1
teams,1
stattrak,1
core,1
division,1
lives,1
fighting,1
levelled,1
gameplay,1
practice,1
farm,1
enter,1
pokemon,1
farming,1
levels,1
shield,1
throw,1
cast,1
giveaway,1
raid,1
sword,1
arena,1
guild,1
controller,1
enemies,1
lane,1
huntsman,1
kills,1
passed,1
rare,1
quest,1
tournament,1
gamer,1
professional,1
chest,1
sports,1
monster,1
graphics,1
summon,1
ranked,1
effort,1
esports,1
competitive,1
dragons,1
oryx,1
strategy,1
legendary,1
becomes,1
harder,1
bomb,1
loot,1
console,1
spell,1
champion,1
fallout,1
stat,1
legend,1
victory,1
buff,1
falchion,1
football,1
bosses,1
builds,1
rust,1
monsters,1
overwatch,1
fighter,1
twitch,1
multiplayer,1
inventory,1
hitting,1
destiny,1
noob,1
cycle,1
mario,1
warriors,1
guard,1
adventure,1
spawn,1
mana,1
winner,1
weak,1
exercise,1
feed,1
mount,1
coins,1
show,2
story,2
music,2
series,2
spoilers,2
party,2
episode,2
reading,2
hear,2
heard,2
screen,2
dragon,2
food,2
based,2
film,2
youtube,2
picture,2
sound,2
characters,2
shows,2
cover,2
videos,2
magic,2
situation,2
major,2
trailer,2
pictures,2
personal,2
spend,2
album,2
sign,2
writing,2
titan,2
channel,2
effect,2
collection,2
superman,2
network,2
birthday,2
scene,2
sounds,2
photo,2
record,2
biggest,2
performance,2
background,2
tickets,2
batman,2
photos,2
ride,2
reasons,2
walking,2
ring,2
songs,2
redline,2
fantasy,2
progress,2
overall,2
audio,2
global,2
physical,2
movies,2
died,2
lore,2
band,2
storage,2
popular,2
ticket,2
classes,2
fallen,2
anime,2
beach,2
various,2
metal,2
pink,2
podcast,2
sapphire,2
cars,2
liked,2
images,2
stage,2
reviews,2
favourite,2
watched,2
zootopia,2
watchthe,2
dance,2
grand,2
radio,2
chill,2
tour,2
pool,2
volume,2
comic,2
shower,2
dinner,2
cable,2
mess,2
netflix,2
goals,2
alternative,2
guitar,2
legit,2
remix,2
math,2
flawless,2
studio,2
films,2
fullmoviefreeonlinestream2016,2
script,2
dumb,2
enjoying,2
author,2
artist,2
herself,2
afford,2
scenes,2
journey,2
lovely,2
proud,2
listening,2
cheaper,2
paint,2
lunch,2
fullmovieonlinefree1080p2016hdstream,2
animation,2
blind,2
aside,2
pelicula,2
indie,2
craigslist,2
tattoo,2
dies,2
credits,2
teach,2
episodes,2
internal,2
girl,3
couple,3
body,3
single,3
relationship,3
woman,3
girls,3
lf2m,3
skin,3
date,3
wife,3
girlfriend,3
female,3
skins,3
boyfriend,3
wedding,3
pics,3
porn,3
cock,3
sexual,3
partner,3
touch,3
loved,3
dating,3
dirty,3
married,3
dick,3
sexy,3
friendly,3
period,3
loves,3
firm,3
nsfw,3
ladies,3
suck,3
boys,3
gender,3
sucks,3
jimmy,3
kinks,3
pussy,3
hardcore,3
anal,3
butt,3
roleplay,3
daddy,3
blonde,3
horny,3
naked,3
idea,4
system,4
water,4
code,4
report,4
face,4
server,4
future,4
college,4
version,4
space,4
float,4
tech,4
holo,4
windows,4
google,4
doppler,4
project,4
gear,4
computer,4
data,4
speed,4
seeing,4
paypal,4
matter,4
jungle,4
website,4
history,4
internet,4
sort,4
download,4
site,4
text,4
factory,4
putlocker,4
research,4
amazon,4
program,4
facebook,4
energy,4
apple,4
rate,4
thesreport,4
mufon,4
pain,4
earth,4
streaming,4
heart,4
university,4
columbus,4
study,4
android,4
science,4
twitter,4
model,4
software,4
battery,4
bitcoin,4
mobile,4
laptop,4
error,4
camera,4
machine,4
asiimov,4
monitor,4
memory,4
language,4
forest,4
solution,4
servers,4
digital,4
development,4
theory,4
microsoft,4
keyboard,4
target,4
iphone,4
brain,4
doctor,4
beyond,4
tree,4
client,4
apps,4
mini,4
device,4
install,4
address,4
driver,4
universe,4
unable,4
feature,4
ghost,4
mass,4
worlds,4
mental,4
technology,4
evidence,4
understanding,4
solar,4
stars,4
glitch,4
properly,4
lake,4
iron,4
2015httpsteamcommunitycommarketlistings730sticker,4
invention,4
requirements,4
safari,4
macbook,4
vive,4
schools,4
compared,4
brs,4
application,4
cancer,4
material,4
hack,4
pressure,4
wifi,4
planet,4
phish,4
crash,4
frame,4
crystal,4
mboard,4
engineering,4
rocket,4
codes,4
plant,4
lightning,4
devices,4
developer,4
electric,4
galaxy,4
weather,4
sleeping,4
education,4
skype,4
desktop,4
flight,4
flat,4
advanced,4
systems,4
wind,4
heat,4
sending,4
samsung,4
environment,4
cloud,4
projects,4
platform,4
mountain,4
select,4
upgraded,4
cell,4
shell,4
treatment,4
resolution,4
linux,4
python,4
programs,4
snow,4
surface,4
shit,5
fuck,5
fucking,5
damn,5
fucked,5
shut,5
buddy,5
shitty,5
high,6
shot,6
higher,6
drink,6
drug,6
smoke,6
coffee,6
beer,6
glass,6
drinking,6
weed,6
drugs,6
drunk,6
bottle,6
smoking,6
blow,6
advice,7
experience,7
questions,7
talk,7
hope,7
taking,7
thoughts,7
mind,7
reason,7
dead,7
souls,7
ideas,7
feeling,7
believe,7
death,7
women,7
chance,7
social,7
hell,7
living,7
learn,7
watching,7
changes,7
human,7
hoping,7
m,7
dream,7
br,7
potential,7
choice,7
gods,7
phase,7
shadow,7
opinions,7
himself,7
dawn,7
conversation,7
knowledge,7
heaven,7
reality,7
wanting,7
confused,7
perhaps,7
imagine,7
attempt,7
afraid,7
depression,7
concept,7
written,7
rights,7
suicide,7
forever,7
wrote,7
adult,7
spirit,7
holy,7
sigil,7
beauty,7
church,7
younger,7
cross,7
horrible,7
faith,7
culture,7
peoples,7
depressed,7
insane,7
creative,7
religious,7
emotional,7
loving,7
reddit,8
link,8
thread,8
chat,8
edit,8
message,8
account,8
comments,8
class,8
discussion,8
request,8
title,8
star,8
item,8
daily,8
test,8
match,8
points,8
xpost,8
front,8
page,8
TRUE,8
review,8
subreddit,8
public,8
final,8
comment,8
round,8
answer,8
service,8
email,8
feedback,8
multiple,8
click,8
access,8
posts,8
posted,8
secret,8
lf1m,8
source,8
tldr,8
write,8
removed,8
action,8
prefer,8
explain,8
mods,8
users,8
funny,8
notice,8
except,8
continue,8
latest,8
button,8
tier,8
posting,8
ends,8
remove,8
rank,8
required,8
result,8
links,8
profile,8
block,8
updates,8
uses,8
faster,8
useful,8
proof,8
meta,8
classic,8
likes,8
eli5,8
mentioned,8
banned,8
mention,8
closed,8
sets,8
checked,8
features,8
spoiler,8
reset,8
hidden,8
searching,8
checking,8
reply,8
redditors,8
voted,8
fail,8
scores,8
replacement,8
recommended,8
flair,8
followed,8
default,8
mins,8
cute,9
beast,9
butterfly,9
dogs,9
nature,9
wild,9
mouse,9
natural,9
animal,9
eagle,9
animals,9
cats,9
puppy,9
